{"qw": 0.9821282717025182, "qy": 0.0, "qx": 0.0, "qz": 0.18821279957172063, "y": -0.622959192564277, "x": -1.2657461394888967, "z": 0.1205}
